-- =========================================
-- 기존 데이터 삭제
-- =========================================
SET SQL_SAFE_UPDATES = 0;

DELETE FROM UsageLog;
DELETE FROM MaintenanceLog;
DELETE FROM EquipmentUser;
DELETE FROM Department;
DELETE FROM Equipment;

-- =========================================
-- Department
-- =========================================
INSERT INTO Department (dept_id, dept_name, manager_name, office_location) VALUES
(1, '공정운영팀', '김현우', 'A동 1층'),
(2, '품질분석팀', '이서연', 'B동 2층'),
(3, '유지보수팀', '박정민', '장비동 1층');

-- =========================================
-- EquipmentUser
-- =========================================
INSERT INTO EquipmentUser (user_id, name, dept_id, contact) VALUES
(1, '김현우', 1, '010-1111-1111'),
(2, '최민석', 1, '010-1111-2222'),
(3, '정다은', 1, '010-1111-3333'),
(4, '이서연', 2, '010-2222-1111'),
(5, '한지훈', 2, '010-2222-2222'),
(6, '박정민', 3, '010-3333-1111'),
(7, '오지훈', 3, '010-3333-2222'),
(8, '윤가은', 3, '010-3333-3333');

-- =========================================
-- Equipment
-- =========================================
INSERT INTO Equipment (equipment_id, model_name, install_date, status) VALUES
(101, 'ETCH-A100', '2022-03-15', 'active'),
(102, 'CVD-B200', '2021-11-20', 'maintenance'),
(103, 'LITHO-C300', '2020-07-05', 'active'),
(104, 'CMP-D400', '2022-09-12', 'inactive'),
(105, 'INSPECT-E500', '2023-01-18', 'active');

-- =========================================
-- UsageLog
-- =========================================
INSERT INTO UsageLog (log_id, user_id, equipment_id, use_date, issue_report) VALUES
(1, 1, 101, '2024-03-04', NULL),
(2, 2, 102, '2024-03-05', '증착 압력 불안정'),
(3, 3, 103, '2024-03-05', NULL),
(4, 1, 101, '2024-03-06', '식각 균일도 편차 확인 필요'),
(5, 2, 103, '2024-03-07', NULL),
(6, 4, 105, '2024-03-07', '검사 결과 일부 이상 패턴 발견'),
(7, 5, 105, '2024-03-08', NULL),
(8, 3, 101, '2024-03-08', NULL),
(9, 1, 103, '2024-03-11', '노광 정렬 오차 의심'),
(10, 4, 105, '2024-03-11', '재검사 진행'),
(11, 2, 101, '2024-03-12', NULL);

-- =========================================
-- MaintenanceLog
-- =========================================
INSERT INTO MaintenanceLog (maintenance_id, equipment_id, maintenance_date, engineer_name, maintenance_type, details) VALUES
(1, 105, '2024-03-01', '윤가은', '정기점검', '검사 센서 및 카메라 모듈 상태 점검'),
(2, 101, '2024-03-02', '박정민', '정기점검', '식각 챔버 내부 청소 및 센서 점검'),
(3, 103, '2024-03-03', '윤가은', '정기점검', '노광 정렬 장치 캘리브레이션 수행'),
(4, 102, '2024-03-06', '오지훈', '긴급수리', '압력 제어 밸브 이상으로 장비 점검 시작'),
(5, 101, '2024-03-07', '박정민', '점검', '식각 균일도 편차 원인 확인 및 공정 조건 점검'),
(6, 105, '2024-03-08', '윤가은', '점검', '이상 패턴 재검토 및 검사 모듈 보정'),
(7, 104, '2024-03-09', '박정민', '고장수리', '연마 패드 구동 이상으로 핵심 부품 교체'),
(8, 102, '2024-03-10', '오지훈', '정기점검', '수리 후 재가동 전 안전 점검 진행'),
(9, 103, '2024-03-12', '윤가은', '점검', '노광 정렬 오차 재점검 및 보정값 조정');


-- =========================================
-- 데이터 확인
-- =========================================
select * from Equipment;
select * from EquipmentUser;
select * from Usagelog;
select * from MaintenanceLog;
select * from Department;
